Driver,PredictedPosition
NOR,1.1608744332842782
VER,2.1424795715999294
RUS,3.0175479033356263
ANT,4.613314660229725
ALB,5.434789612866915
STR,6.124740184983474
HUL,7.582707667848765
LEC,7.746476870148083
PIA,8.731168780488314
LAW,9.23266128257024
HAM,10.322772209941023
GAS,11.379969419738782
TSU,11.816060346111238
OCO,12.896150853464167
BEA,14.080376371453738
HAD,14.080376371453738
BOR,15.499190834224928
DOO,15.910019539309662
ALO,16.860872896706084
SAI,17.55510549413417
